timestamp,acc_x,acc_y,acc_z,gyro_x,gyro_y,gyro_z,compass,latitude,longitude
0.0,0.0,0.0,19.92560577392578,-3.303102005247638e-07,-1.6692808912921464e-08,3.0440400200504314e-11,179.48871070806752,-0.0010667783905518036,-0.0011737773003694988
0.10000000149011612,0.0,0.0,11.779805183410645,1.2688576589425793e-07,5.587838813880808e-07,1.282769723776056e-11,179.48871070806752,-0.0010667783905518036,-0.0011737773003694988
0.20000000298023224,0.6565028429031372,-0.00038999319076538086,9.776961326599121,3.051944077014923e-06,-0.00826506968587637,-0.00011407574493205175,179.48794572688047,-0.0010668372629965006,-0.0011737767520813615
0.30000000447034836,11.91637134552002,0.0059680938720703125,9.458419799804688,1.496821641921997e-05,-0.009205209091305733,0.00048649986274540424,179.4902406704416,-0.0010679654343874745,-0.0011737670199669249
0.4000000059604645,10.71051025390625,-0.004955291748046875,9.537213325500488,-1.794018317013979e-05,-0.0015935675473883748,-0.00029956790967844427,179.49100565162865,-0.0010700542065791296,-0.0011737485152422916
0.5000000074505806,7.7118988037109375,-0.0015010833740234375,9.647531509399414,3.400607965886593e-06,0.0005863098194822669,-6.993244369368767e-06,179.4902406704416,-0.001072834301581338,-0.0011737237052040796
0.6000000089406967,6.6208696365356445,4.8160552978515625e-05,9.72100830078125,-6.046611815690994e-07,0.0013585361884906888,-5.976266947982367e-06,179.48985817984808,-0.0010762077128845249,-0.0011736936864285637
0.7000000104308128,5.858349800109863,0.0007729530334472656,9.76280403137207,-7.660128176212311e-07,0.0012365883449092507,-6.2226163208833896e-06,179.48985817984808,-0.001080106110066481,-0.0011736590072038806
0.800000011920929,5.542330741882324,0.000469207763671875,9.797372817993164,-6.577465683221817e-08,0.0010343824978917837,-6.347836915665539e-06,179.4902406704416,-0.0010845009821736085,-0.0011736199416740995
0.9000000134110451,4.442351341247559,0.0007009506225585938,9.803824424743652,1.087784767150879e-06,0.004024294205009937,1.4615318377764197e-06,179.4902406704416,-0.0010892941170794757,-0.001173577312271426
1.0000000149011612,1.888408899307251,-0.002005457878112793,9.780977249145508,-5.777692422270775e-07,0.0009014303795993328,-2.0480194507399574e-05,179.48985817984808,-0.0010942560561773007,-0.0011735330380043406
1.1000000163912773,3.5434627532958984,0.0014758110046386719,9.803133964538574,9.39471647143364e-08,-0.0009511199314147234,0.0001266577310161665,179.48985817984808,-0.0010995355911802562,-0.0011734861593686032
1.2000000178813934,4.301246643066406,-0.0005202293395996094,9.807330131530762,-8.085044100880623e-07,0.0005343713564798236,-0.00043386159813962877,179.48985817984808,-0.0011052007783547424,-0.0011734357168599733
1.3000000193715096,2.0086207389831543,0.0003381967544555664,9.811079025268555,4.826579242944717e-07,0.0036660076584666967,2.410214392511989e-07,179.4902406704416,-0.0011110457355130166,-0.001173383766558966
1.4000000208616257,-1.4333341121673584,-0.0002644062042236328,9.811677932739258,3.213062882423401e-08,0.003860793076455593,3.6137475944997277e-06,179.48985817984808,-0.0011167618449263728,-0.0011733329128342334
1.5000000223517418,-2.8919265270233154,0.0005321502685546875,9.80953598022461,-1.2365635484457016e-06,0.0025014462880790234,6.0925476645934395e-06,179.48985817984808,-0.0011222183399581809,-0.0011732843893340842
1.600000023841858,-3.1576716899871826,-0.01208353042602539,9.808481216430664,-3.48535249941051e-05,0.000898930651601404,-0.0010997728677466512,179.48565078331936,-0.0011273914385157013,-0.001173237236554278
1.700000025331974,-2.715988874435425,0.0006194114685058594,9.808272361755371,3.449042560532689e-05,-0.0003773709759116173,0.00015432540385518223,179.48451697191715,-0.0011323210971738717,-0.0011731925510710898
1.8000000268220901,-1.7729767560958862,0.016780614852905273,9.808837890625,2.946623135358095e-05,-0.0017602673033252358,0.0011075831716880202,179.48909319866104,-0.001137091820794467,-0.0011731506070285877
1.9000000283122063,-0.019352784380316734,-0.0026504304260015488,9.809518814086914,-3.315298818051815e-05,-0.0031926403753459454,-0.00020024817786179483,179.48985817984808,-0.001141860968061792,-0.0011731085259140516
2.0000000298023224,1.7858328819274902,-0.005344033241271973,9.80966567993164,3.726920112967491e-06,-0.002357501769438386,-2.1822603230248205e-05,179.48947568925456,-0.0011467904896420578,-0.0011730645257910348
2.1000000312924385,1.2449702024459839,0.002340555191040039,9.810640335083008,1.7363636288791895e-06,0.0003913090331479907,-4.687456112151267e-06,179.48947568925456,-0.0011518316563865483,-0.0011730197032358122
2.2000000327825546,-0.8754547834396362,-0.0015345215797424316,9.810762405395508,-1.537846401333809e-07,0.0016114553436636925,1.4756188875253429e-06,179.48947568925456,-0.0011567943493844268,-0.001172975566040761
2.3000000342726707,-2.0985753536224365,8.559226989746094e-05,9.809540748596191,-1.4668330550193787e-08,0.001095687854103744,3.974219907831866e-06,179.48947568925456,-0.001161568705413174,-0.0011729329366380876
2.400000035762787,-2.2621726989746094,0.0011377334594726562,9.809029579162598,-9.836949175223708e-07,0.0001870613341452554,3.2624268442305038e-06,179.48947568925456,-0.0011661400577480663,-0.0011728922262438945
2.500000037252903,-0.8472760915756226,-0.002517402172088623,9.79881763458252,8.672941476106644e-07,-0.0015481504378840327,5.534757292480208e-07,179.48947568925456,-0.00117063560925601,-0.0011728520641378388
2.600000038743019,0.12747278809547424,0.0011574476957321167,9.828533172607422,1.9533326849341393e-06,-0.000597029400523752,4.760143497151148e-07,179.48947568925456,-0.001175142537746865,-0.0011728117649597487
2.7000000402331352,-0.22712203860282898,-0.0020051151514053345,9.787537574768066,1.116626663133502e-06,-0.00032522392575629056,4.2624591856110783e-07,179.48947568925456,-0.001179629453730513,-0.001172771602853693
2.8000000417232513,-0.47867071628570557,0.0020063817501068115,9.81144905090332,1.013569999486208e-06,0.0007494884193874896,1.45721514854813e-06,179.48947568925456,-0.0011840731920074177,-0.0011727321261078088
2.9000000432133675,-1.380759358406067,0.0014772415161132812,9.825615882873535,-8.393544703722e-07,0.00076200783951208,1.702965164440684e-06,179.48947568925456,-0.0011883932913150375,-0.001172693608866165
3.0000000447034836,-1.515657901763916,2.041099786758423,9.809061050415039,0.008312071673572063,0.0002804715186357498,0.22601942718029022,180.26393717886396,-0.0011925764556366403,-0.001172837123286098
3.1000000461935997,-0.4615594148635864,1.874006986618042,9.806660652160645,-0.0018637307221069932,-0.0012093076948076487,0.17299243807792664,181.3107592918168,-0.0011967146603666379,-0.0011731473172997642
3.200000047683716,0.4937681555747986,0.18068575859069824,9.808646202087402,-0.001530913752503693,-0.0004747470375150442,0.1335044503211975,182.11969957635642,-0.00120089645399446,-0.0011734747823897546
3.300000049173832,-0.45478469133377075,0.14170894026756287,9.809664726257324,-0.0008369649294763803,0.0010315541876479983,0.10793103277683258,182.7679664908607,-0.0012050369889351487,-0.0011738128020263878
3.400000050663948,-1.3894227743148804,0.12708866596221924,9.80947208404541,-0.0004609987954609096,0.000788036035373807,0.08759003132581711,183.28849520750737,-0.0012090525141701391,-0.0011741549338240504
3.500000052154064,-1.252081274986267,0.10016798973083496,9.809268951416016,-0.0001879096671473235,-0.00020330282859504223,0.07112883031368256,183.7093578037852,-0.001212955366213464,-0.0011744984363420564
3.6000000536441803,-0.3439609408378601,0.09776204824447632,9.811619758605957,-0.002666827756911516,-0.0020343970973044634,0.059351056814193726,184.05903616853317,-0.0012168268287382489,-0.0011748485183177095
3.7000000551342964,0.1692858636379242,0.09720021486282349,9.855086326599121,-0.00018438324332237244,-0.004446868784725666,0.04988851398229599,184.35379981235425,-0.001220712683846159,-0.0011752086065518683
3.8000000566244125,-0.53948575258255,0.055728137493133545,9.835587501525879,-6.275135092437267e-05,-0.0034515114966779947,0.0412043035030365,184.59862111296417,-0.001224549193011626,-0.0011755697913623014
3.9000000581145287,-1.2039483785629272,0.04956674575805664,9.811128616333008,-2.8814654797315598e-05,-0.003516017459332943,0.034145697951316833,184.80016633499292,-0.0012282765928262052,-0.0011759261786515333
4.000000059604645,-0.8382474184036255,0.04176753759384155,9.80749797821045,0.000462130643427372,-0.0046171871945261955,0.028959110379219055,184.96894030938392,-0.0012319275064669455,-0.001176279824500079
4.100000061094761,0.20363092422485352,1.9581873416900635,9.809173583984375,0.008718876168131828,-0.006016996689140797,0.23862284421920776,185.8498981085322,-0.0012355769123217897,-0.0011768096079127258
4.200000062584877,2.098133087158203,4.467936992645264,9.797999382019043,0.009807819500565529,-0.006449926644563675,0.4808264672756195,188.0389190960079,-0.0012393548917088992,-0.0011777610249029409
4.300000064074993,3.3769338130950928,5.439294815063477,9.792658805847168,0.004317120648920536,-0.003632456297054887,0.6758230328559875,191.50984364728996,-0.0012433303919294758,-0.0011792489418354843
4.400000065565109,4.638644218444824,3.4896793365478516,9.855894088745117,-0.0014432949246838689,-1.1731404811143875e-05,0.6180812120437622,195.130417643287,-0.0012476233509630674,-0.0011811453334303016
4.500000067055225,3.243236541748047,1.652766466140747,9.805476188659668,-0.004048665054142475,0.001870912965387106,0.5222508907318115,198.32913183538736,-0.001252143849598042,-0.0011832720060427763
4.6000000685453415,2.71797513961792,3.500478744506836,9.807125091552734,0.003689854871481657,0.001123633817769587,0.6980185508728027,201.93641428325955,-0.0012567709902526758,-0.001185778642334386
4.700000070035458,3.3103013038635254,6.767848491668701,9.787464141845703,0.014697848819196224,0.0029674889519810677,0.9774719476699829,206.82856459703788,-0.0012613874392854996,-0.0011889577540263696
4.800000071525574,2.5563125610351562,8.932363510131836,9.763282775878906,0.01060184184461832,0.00548800453543663,1.1849883794784546,213.1518990891223,-0.0012657566103797535,-0.0011929295532928257
4.90000007301569,3.8654708862304688,6.710847854614258,9.776899337768555,-0.0015206882962957025,0.003335103392601013,1.015354037284851,219.30207462536862,-0.0012700120116875269,-0.0011975834230020584
5.000000074505806,4.365909576416016,6.4044694900512695,9.84200382232666,0.05253338813781738,-0.013186678290367126,1.1044082641601562,225.4290821599502,-0.001274133493623708,-0.0012029144285608316
5.100000075995922,4.5481414794921875,6.103553771972656,10.304057121276855,-0.007118597626686096,-0.0512242317199707,0.9052058458328247,231.02393599591778,-0.001278084320873063,-0.0012088988565072082
5.200000077486038,4.400444030761719,6.6768388748168945,9.970595359802246,0.005464881658554077,-0.02559250220656395,0.9741330146789551,236.47562906688188,-0.0012817499011958944,-0.0012155320463920214
5.300000078976154,1.349743366241455,7.458755016326904,9.119010925292969,0.01457688957452774,0.01785842701792717,0.9921057224273682,242.13006947316862,-0.00128487761088536,-0.0012225743962992798
5.4000000804662704,-2.03633975982666,7.52243185043335,9.593924522399902,-0.0014269202947616577,0.06333616375923157,0.9075610041618347,247.52212133230017,-0.0012873102282782156,-0.0012296970704186497
5.500000081956387,-2.5221171379089355,5.472919464111328,10.2615385055542,0.0028049983084201813,0.0584527887403965,0.661255419254303,251.8163705465139,-0.0012892057974482896,-0.0012367540870335805
5.600000083446503,-2.23410964012146,2.989743709564209,9.646790504455566,0.01363435760140419,0.02101825177669525,0.48398274183273315,254.9426300918988,-0.0012907921320817195,-0.0012436865051693143
5.700000084936619,-1.2212556600570679,4.191195964813232,9.381609916687012,9.50093672145158e-05,-0.000617865240201354,0.537495493888855,257.93526381636156,-0.0012919902787444926,-0.0012505902752498752
5.800000086426735,0.9412250518798828,3.642064094543457,9.637930870056152,-0.004360766615718603,-0.0032137467060238123,0.4166274070739746,260.56130762769135,-0.0012928819323292373,-0.0012576309802927216
5.900000087916851,2.113049268722534,3.9929702281951904,9.80295467376709,0.003655842738226056,0.0007824917556717992,0.5156384110450745,263.3325885815323,-0.0012934421457231338,-0.0012649014180650885
6.000000089406967,1.5597035884857178,2.9959611892700195,9.82396411895752,-0.007511461619287729,0.001857920316979289,0.3618965744972229,265.7226356966599,-0.0012937465827178585,-0.0012723315447574382
6.100000090897083,-0.06284050643444061,1.217515230178833,9.819124221801758,-0.004293091595172882,0.0017927734879776835,0.23249781131744385,267.31527188656673,-0.0012939430069422997,-0.0012797611231616505
6.200000092387199,-1.4675711393356323,0.9033527374267578,9.811785697937012,-0.0029941087123006582,0.0015084791230037808,0.15494637191295624,268.37381460413536,-0.0012940555430844825,-0.0012870611684934305
6.3000000938773155,-1.7138184309005737,0.7171058654785156,9.813013076782227,-0.002225470496341586,0.00035460948129184544,0.10626840591430664,269.0999456751777,-0.001294102147582521,-0.0012942086526510125
6.400000095367432,-0.8865695595741272,0.46367213129997253,9.81179141998291,-0.0018041523871943355,-0.0010951192816719413,0.06806650012731552,269.58595461575914,-0.0012941070821597123,-0.0013012769091727573
6.500000096857548,0.5454264879226685,0.2915734648704529,9.811022758483887,-0.0012769431341439486,-0.0019264067523181438,0.0439470149576664,269.9074926011267,-0.0012940862472134995,-0.0013083942374827887
6.600000098347664,1.5730098485946655,0.2046501636505127,9.810526847839355,-0.0009120628237724304,-0.0012685386463999748,0.029186921194195747,270.127260767861,-0.0012940471816875743,-0.0013156527499881697
6.70000009983778,1.3024590015411377,0.13708603382110596,9.810534477233887,-0.0006590869161300361,0.0002557903353590518,0.019272156059741974,270.28085806191626,-0.0012939953684565353,-0.0013230280478667914
6.800000101327896,0.08777172118425369,0.09721093624830246,9.810680389404297,-0.00047170097241178155,0.001364081515930593,0.011744759976863861,270.3876822205353,-0.001293934782637507,-0.001330411021779335
6.900000102818012,-0.9834020733833313,-0.04980245232582092,9.810235977172852,-0.0006490456871688366,0.0012971287360414863,-0.00551064545288682,270.41437459981165,-0.0012938794055088465,-0.0013377058583738108
7.000000104308128,-1.229127049446106,-0.030682746320962906,9.809674263000488,-0.00012804711877834052,0.000426135171437636,-0.003955895081162453,270.4160958074825,-0.0012938275922778075,-0.001344890351980659
7.1000001057982445,-0.6599265336990356,0.007516932208091021,9.80955696105957,-0.0001374272396788001,-0.0006549136014655232,-0.004904762841761112,270.4163690150493,-0.0012937756419830748,-0.0013520157675407155
7.200000107288361,0.3372977674007416,-0.0023022331297397614,9.809714317321777,-6.848902557976544e-05,-0.001250363769941032,-0.004706776235252619,270.4156859961323,-0.0012937236916741313,-0.0013591712018762878
7.300000108778477,1.0271754264831543,0.0013950802385807037,9.809887886047363,-4.4421285565476865e-05,-0.0008472478948533535,-0.004567922558635473,270.41557671310557,-0.0012936709189403928,-0.001366419159835026
7.400000110268593,0.8737453818321228,0.00122903473675251,9.810175895690918,-2.7160578611074015e-05,0.00013715928071178496,-0.004449018277227879,270.41557671310557,-0.001293617460859764,-0.0013737453859253613
7.500000111758709,0.07806937396526337,0.8515002131462097,9.80999755859375,0.002507271710783243,0.0009292353061027825,0.08467138558626175,270.7568402847961,-0.0012934877907184728,-0.001381077506113172
7.600000113248825,-0.6217755079269409,0.6794956922531128,9.809906005859375,-0.0005228002555668354,0.0008604402537457645,0.05570049211382866,271.1548490681111,-0.001293298494232431,-0.001388352604334706
7.700000114738941,-0.7690132856369019,0.13710933923721313,9.8097505569458,-0.0005712205893360078,0.00027483998565003276,0.029709355905652046,271.39865950072385,-0.0012930986432166947,-0.001395558481178908
7.800000116229057,-0.39467039704322815,0.09212581813335419,9.809722900390625,-0.00034522617352195084,-0.00041378213791176677,0.016845880076289177,271.54468894517873,-0.0012928918015120416,-0.001402728719294187
7.900000117719173,0.2137122005224228,0.08751188218593597,9.809845924377441,-0.00024342260439880192,-0.0007471985300071537,0.009995104745030403,271.6404481973423,-0.0012926764613467867,-0.0014099178733502022
8.00000011920929,0.6077258586883545,0.06525860726833344,9.809913635253906,-0.0001802964834496379,-0.0004906859248876572,0.006086675450205803,271.70828563617886,-0.0012924538563652277,-0.0014171615820758765
8.100000120699406,0.42077237367630005,1.643028736114502,9.808820724487305,0.005758746527135372,0.00034409633371979,0.185339093208313,272.4029158747692,-0.001292082665287353,-0.001424436543225376
8.200000122189522,0.015598669648170471,1.6554782390594482,9.80895709991455,-0.0006922357715666294,0.0005248140660114586,0.14056119322776794,273.31381722323874,-0.0012915638476442837,-0.001431704513701125
8.300000123679638,-0.272737592458725,0.4864308536052704,9.80975341796875,-0.001152917044237256,0.00045241269981488585,0.0871986448764801,273.9356376452767,-0.0012910034971724826,-0.0014389450697700104
8.400000125169754,-0.5008363723754883,2.2073075771331787,9.807085990905762,0.006520520895719528,0.0006885393522679806,0.2772561013698578,275.11051214478897,-0.0012902508346428476,-0.0014461232580632798
8.50000012665987,-0.25562167167663574,2.308741331100464,9.807064056396484,-0.0011211971286684275,-7.554359035566449e-05,0.21369817852973938,276.4732714879899,-0.0012892957167025543,-0.0014532555272250521
8.600000128149986,0.2355455458164215,0.8376849889755249,9.809222221374512,-0.001660021604038775,-0.0003777449601329863,0.14152397215366364,277.4386777460362,-0.0012882639754820957,-0.0014603990362936387
8.700000129640102,0.2482498586177826,2.6307337284088135,9.805624961853027,0.0069259232841432095,0.0005708136595785618,0.3396936058998108,278.94175649554586,-0.001286996881617597,-0.0014675280157265872
8.800000131130219,0.18841755390167236,2.7289071083068848,9.806025505065918,-0.0014602690935134888,0.0003571150591596961,0.26439183950424194,280.6144425025253,-0.0012854868960801014,-0.001474628758320466
8.900000132620335,-0.066536545753479,3.159780979156494,9.803595542907715,0.004752619657665491,0.0012516563292592764,0.4056117832660675,282.6524889885871,-0.0012837030406274152,-0.001481661924401425
9.00000013411045,-0.15544986724853516,2.6802096366882324,9.805449485778809,-0.002527687232941389,0.0005754338344559073,0.2931770384311676,284.5646414278672,-0.0012816910973043605,-0.0014886213457279197
9.100000135600567,-0.03605169057846069,1.119665265083313,9.808562278747559,-0.002543045673519373,0.00021293223835527897,0.19533178210258484,285.88488967367397,-0.0012795844371993326,-0.00149555047413483
9.200000137090683,-0.1986680030822754,2.882335901260376,9.804293632507324,0.005840652622282505,0.0009330140892416239,0.3731520175933838,287.6321886671466,-0.001277238038127848,-0.0015023847486939905
9.300000138580799,-0.06720805168151855,2.8266069889068604,9.805309295654297,-0.0020636264234781265,0.00022798904683440924,0.2849859297275543,289.4478988353461,-0.0012746557380722834,-0.0015091292410706716
9.400000140070915,0.019060611724853516,3.2222256660461426,9.802865028381348,0.004191730171442032,0.0009136484004557133,0.4159353971481323,291.5697380821456,-0.0012718051880398207,-0.001515769832845338
9.500000141561031,0.15472114086151123,2.6904985904693604,9.805283546447754,-0.002805768745020032,0.0003194110468029976,0.2995266318321228,293.52511195849354,-0.0012687290174397958,-0.0015223272218951723
9.600000143051147,0.24155640602111816,1.1370618343353271,9.808537483215332,-0.0027190230321139097,0.0002379920333623886,0.20002074539661407,294.87448413092125,-0.0012655520989142133,-0.001528861719915275
9.700000144541264,-0.1575624942779541,2.8838753700256348,9.8043794631958,0.0055596004240214825,0.0011832923628389835,0.37393608689308167,296.638339502942,-0.0012621514788122568,-0.0015352683297273574
9.80000014603138,-0.2326052188873291,2.7995307445526123,9.805302619934082,-0.002207263372838497,0.0004980448866263032,0.2833333909511566,298.44992423688285,-0.0012585411385117595,-0.0015415374562890167
9.900000147521496,-0.22680878639221191,3.1886653900146484,9.802966117858887,0.004058141261339188,0.0009961598552763462,0.41197726130485535,300.55446944470384,-0.0012546959937935753,-0.0015476444266340754
10.000000149011612,0.02571868896484375,2.662445306777954,9.805252075195312,-0.002832327736541629,0.00018538255244493484,0.29570916295051575,302.48779547041096,-0.0012506492161179494,-0.0015536257019236627
10.100000150501728,0.29620128870010376,1.1175483465194702,9.808547973632812,-0.002715469803661108,5.102017894387245e-06,0.1970198005437851,303.81823435845945,-0.0012465051173222719,-0.001559573942852979
10.200000151991844,0.026440858840942383,2.8692574501037598,9.804409980773926,0.00558378454297781,0.0010236958041787148,0.37191376090049744,305.56845667289684,-0.0012421514353633256,-0.0015653751054894697
10.30000015348196,-0.08144950866699219,2.7727394104003906,9.805456161499023,-0.0022145332768559456,0.0005087530007585883,0.2811832129955292,307.3676651040616,-0.0012376054413607562,-0.0015710202801509044
10.400000154972076,-0.001991748809814453,1.138922929763794,9.808595657348633,-0.00250254780985415,0.00023767631500959396,0.18967869877815247,308.6440635353969,-0.001232980493824698,-0.0015766021275324834
10.500000156462193,-0.22587299346923828,2.896951675415039,9.804309844970703,0.00613153912127018,0.0010152282193303108,0.3748725354671478,310.3801336978741,-0.0012281717327198294,-0.0015820008466762108
10.600000157952309,-0.12234735488891602,2.888458490371704,9.80513858795166,-0.0019943907391279936,0.0002799320500344038,0.28885647654533386,312.2144493013727,-0.0012231791580319396,-0.001587218356590567
10.700000159442425,-0.024842262268066406,3.2610056400299072,9.802708625793457,0.004282170906662941,0.0009288052096962929,0.42141595482826233,314.3632268142587,-0.0012179801528446887,-0.0015922306696695462
10.800000160932541,0.1499004364013672,2.7436227798461914,9.805072784423828,-0.0027927409391850233,0.0002844997216016054,0.30473390221595764,316.3491726173316,-0.0012126024057153018,-0.0015970752065785178
10.900000162422657,0.28241539001464844,1.165277361869812,9.808509826660156,-0.0027169031091034412,0.00020147068426012993,0.20463325083255768,317.72586554643937,-0.0012071362471175462,-0.0016018601171525603
11.000000163912773,-0.11328911781311035,2.920650005340576,9.804198265075684,0.005573878064751625,0.001199639867991209,0.378570556640625,319.51603080714307,-0.0012015086176830891,-0.0016064403791793628
11.10000016540289,-0.21889591217041016,2.8301095962524414,9.805233001708984,-0.0022083441726863384,0.0005412392783910036,0.28778183460235596,321.3534882976599,-0.0011957385704022272,-0.001610810920993656
11.200000166893005,-0.24385356903076172,3.2150585651397705,9.802847862243652,0.004001987166702747,0.0010495549067854881,0.41492390632629395,323.478687997531,-0.0011898152765894565,-0.0016149378858029623
11.300000168383121,-0.00801229476928711,2.6810970306396484,9.80517292022705,-0.00284213456325233,0.00021586287766695023,0.2984503507614136,325.42802398665265,-0.001183756829746585,-0.0016188674668828479
11.400000169873238,0.2681945562362671,1.1436269283294678,9.808515548706055,-0.0027163077611476183,2.3657921701669693e-06,0.1998046487569809,326.7743635550889,-0.001177622582076765,-0.00162272522221675
11.500000171363354,-0.39881277084350586,2.8180837631225586,9.804808616638184,0.004680057521909475,0.0026876102201640606,0.36418747901916504,328.5166628500891,-0.001171387449375061,-0.0016263499550923078
11.60000017285347,-2.4225566387176514,2.663290023803711,9.805523872375488,-0.0027134402189403772,0.002776911947876215,0.27079737186431885,330.280163052273,-0.0011652231829231141,-0.00162966038179317
11.700000174343586,-3.2649385929107666,1.0928633213043213,9.807082176208496,-0.0028136121109128,0.0016746502369642258,0.1799287647008896,331.5196238205769,-0.001159270144469815,-0.001632745736213679
11.800000175833702,-3.3536956310272217,2.5814361572265625,9.803096771240234,0.004297183360904455,0.0011633220128715038,0.33491089940071106,333.1142817464781,-0.0011534810441702348,-0.0016354896441966966
11.900000177323818,-2.6849489212036133,2.3865113258361816,9.804719924926758,-0.0026612018700689077,-0.00035344716161489487,0.2543180286884308,334.7506311470731,-0.0011478187355038472,-0.0016379380248737203
12.000000178813934,-1.667395830154419,2.6149520874023438,9.804157257080078,0.002854741644114256,-0.0008907788433134556,0.36508554220199585,336.6329493200586,-0.0011422010437911467,-0.0016401130839143099
12.10000018030405,-0.19554829597473145,2.070188522338867,9.806726455688477,-0.0026579415425658226,-0.0017323361244052649,0.2674281895160675,338.36568635022076,-0.001136531264705809,-0.001642110086382318
12.200000181794167,0.6220344305038452,0.788310170173645,9.809389114379883,-0.002211571903899312,-0.0008104573935270309,0.19121195375919342,339.62050138377884,-0.0011307847252766123,-0.0016440610326467944
12.300000183284283,-0.30164146423339844,2.2919182777404785,9.806995391845703,0.003898671828210354,0.0014522061683237553,0.33273330330848694,341.2460044439718,-0.0011249980237408863,-0.0016458095235165804
12.400000184774399,-1.5669505596160889,1.9910705089569092,9.807662963867188,-0.0025019152089953423,0.0016214645002037287,0.2451021671295166,342.8437222946212,-0.0011192931542041151,-0.001647346786381479
12.500000186264515,-2.168795108795166,0.6614770889282227,9.808613777160645,-0.002160366391763091,0.0010983389802277088,0.16900473833084106,343.9868500748712,-0.0011137590764320748,-0.001648773980402819
12.600000187754631,-2.258718490600586,0.4677743911743164,9.808621406555176,-0.0013997929636389017,0.0003523273626342416,0.12271389365196228,344.81070749255815,-0.0011084096346820616,-0.0016501081025128554
12.700000189244747,-1.9767026901245117,2.012660503387451,9.806411743164062,0.0048176017589867115,-3.0183233320713043e-05,0.281271755695343,346.0876250182704,-0.0011031889721095922,-0.0016512252395925633
12.800000190734863,-0.9815396070480347,1.8669559955596924,9.807531356811523,-0.0017174434615299106,-0.0012321847025305033,0.21718913316726685,347.4733884385959,-0.0010980179296211645,-0.0016521603450106944
12.90000019222498,0.1092868447303772,0.5730977058410645,9.809432983398438,-0.0015118783339858055,-0.001161313964985311,0.15991322696208954,348.51695938150385,-0.0010928270116750127,-0.0016530476122888476
13.000000193715096,-0.08349919319152832,2.343808650970459,9.806831359863281,0.006940580904483795,0.0008682170882821083,0.36128032207489014,350.11590666620384,-0.0010876075142363106,-0.0016537274895790748
13.100000195205212,-0.9169015884399414,2.36018443107605,9.807330131530762,-0.0026142518036067486,0.0011307676322758198,0.27675771713256836,351.89440596380507,-0.0010824395558444166,-0.00165418709211015
13.200000196695328,-1.5590444803237915,0.5182794332504272,9.809351921081543,-0.0022717593237757683,0.0011096589732915163,0.19364245235919952,353.18771594352535,-0.0010774050370940813,-0.0016545844639376435
13.300000198185444,-1.9551019668579102,0.33901405334472656,9.809087753295898,-0.0013283765874803066,0.0006210327846929431,0.1418946236371994,354.13156612455106,-0.001072541926916415,-0.0016549341346971938
13.40000019967556,-1.790093183517456,0.28957056999206543,9.809040069580078,-0.0007955136825330555,-0.0001401329063810408,0.1068599671125412,354.8429986284996,-0.00106783631252938,-0.0016552437804227226
13.500000201165676,-1.1332967281341553,0.24286353588104248,9.809296607971191,-0.0004627064918167889,-0.0009069994557648897,0.08145679533481598,355.38908591302044,-0.001063230212409394,-0.0016555238185888383
13.600000202655792,-0.2824348211288452,0.1897687017917633,9.809731483459473,-0.0002852729521691799,-0.001146327005699277,0.06307467073202133,355.81610933992965,-0.001058648031374787,-0.0016557852149582865
13.700000204145908,0.122984379529953,0.15286272764205933,9.81008243560791,-0.00021743078832514584,-0.0004456333408597857,0.04939787834882736,356.15712702481005,-0.001054053719485637,-0.0016560338636285431
13.800000205636024,-0.4284147620201111,0.817261278629303,9.809977531433105,0.0013236883096396923,0.0006636866019107401,0.10857541114091873,356.71307710249243,-0.0010494937441194452,-0.0016562073968239923
13.90000020712614,-1.0698974132537842,0.4920825958251953,9.79672908782959,-0.0013221078552305698,0.005434337537735701,0.03648525848984718,357.1725029468241,-0.0010450272518767179,-0.0016563322694472576
14.000000208616257,-2.5964932441711426,0.028697490692138672,9.804258346557617,-0.0004469272680580616,-0.0013380033196881413,0.05738263204693794,357.47161059095737,-0.001040793507954163,-0.0016564443943713316
14.100000210106373,0.5390339493751526,0.10004490613937378,9.829949378967285,-0.000103033147752285,-0.0012068040668964386,0.05040823295712471,357.7665654800752,-0.001036510897861831,-0.0016565496656936892
14.200000211596489,-0.24740451574325562,0.06744223833084106,9.81274700164795,-0.00015761825488880277,0.0007277818513102829,0.039245255291461945,358.00532157270214,-0.001032250219267894,-0.001656648083414331
14.300000213086605,-1.562932014465332,0.04016530513763428,9.808599472045898,-9.160698391497135e-05,0.0010597353102639318,0.03067883662879467,358.1915125294767,-0.0010281295597849294,-0.0016567386880290166
14.400000214576721,-1.6353349685668945,0.026910781860351562,9.807909965515137,-2.535504063416738e-05,2.0900024537695572e-05,0.027515601366758347,358.3395363891692,-0.001024155361747603,-0.001656822439041986
14.500000216066837,-0.8306357264518738,0.025577127933502197,9.80850887298584,1.3220240361988544e-05,-0.0008279994945041835,0.024318713694810867,358.4592286241845,-0.0010202555938434443,-0.0016569022149659602
14.600000217556953,-0.20212319493293762,0.0252293199300766,9.809365272521973,2.24736868403852e-05,-0.0005336448666639626,0.021139007061719894,358.55802048033956,-0.0010163737138242368,-0.0016569789753051794
14.70000021904707,-0.5333175659179688,0.02134150266647339,9.80992317199707,5.653651896864176e-06,0.00041795734432525933,0.01910996250808239,358.6394363352461,-0.0010125396719615765,-0.001657052857131678
14.800000220537186,-1.2431316375732422,0.28274428844451904,9.809835433959961,0.00032532389741390944,0.000594635377638042,0.03865642845630646,358.8036887244066,-0.0010088164528099242,-0.0016570991874792782
14.900000222027302,-1.2534451484680176,0.056024789810180664,9.809492111206055,-0.0002990635111927986,-0.00017838685016613454,0.027005694806575775,358.9321236015595,-0.0010052055642262303,-0.0016571382530090593
15.000000223517418,-0.506525993347168,-0.009463667869567871,9.809624671936035,-7.051328429952264e-05,-0.000813388847745955,0.02302808128297329,359.02845658961337,-0.0010016400464678554,-0.0016571775926829092
15.100000225007534,-0.10627380758523941,0.011115849018096924,9.809978485107422,-1.822538615670055e-05,-0.00017050608585122973,0.020871208980679512,359.1086976519827,-0.0009980838496090882,-0.0016572158357804844
15.20000022649765,-0.7942227721214294,0.012518882751464844,9.810213088989258,-1.7495127394795418e-05,0.0006941708852536976,0.019316531717777252,359.17527833601196,-0.000994599067283275,-0.0016572518857255105
15.300000227987766,-1.254717230796814,0.012029767036437988,9.809781074523926,-1.0172196198254824e-05,0.000275223923381418,0.01790022663772106,359.2295100380219,-0.0009912266840217399,-0.0016572853313018847
15.400000229477882,-0.8745175004005432,0.010285496711730957,9.809672355651855,1.5951809473335743e-06,-0.0004646411689464003,0.01665320433676243,359.2739609091403,-0.0009879325688899598,-0.0016573168578697783
15.500000230967999,-0.26751020550727844,-0.0018654465675354004,9.809741020202637,9.943847544491291e-06,-0.0005429299781098962,0.015680991113185883,359.3115815910887,-0.0009846625098930417,-0.001657348384437672
15.600000232458115,-0.3300328254699707,0.012543529272079468,9.810137748718262,1.5375553630292416e-06,0.0002430994645692408,0.015043985098600388,359.3433009895943,-0.0009814219899624277,-0.0016573782661411535
15.70000023394823,-1.0066639184951782,-0.0010142326354980469,9.810079574584961,-6.40092184767127e-06,0.0006191994762048125,0.01479697972536087,359.3694469537371,-0.0009782717319097856,-0.0016574074624844638
15.800000235438347,-1.1682345867156982,0.00015747547149658203,9.809675216674805,-2.472675987519324e-06,-7.730392826488242e-05,0.014760104939341545,359.39154944589126,-0.0009752261283892949,-0.0016574352881074308
15.900000236928463,-0.44030433893203735,0.01427072286605835,9.809625625610352,2.08965502679348e-08,-0.0008603608002886176,0.014118753373622894,359.4105100510272,-0.0009722201386779261,-0.00165746160593802
16.00000023841858,-0.34261554479599,-0.004633456468582153,9.81021499633789,-1.0738265700638294e-05,0.0011308778775855899,0.01530506368726492,359.42665661822514,-0.0009692446474929284,-0.0016574879237686096
16.100000239908695,-2.6536920070648193,0.0028727054595947266,9.809757232666016,-3.4233322367072105e-05,0.002669811714440584,0.016903448849916458,359.43977058143156,-0.0009665072504247973,-0.0016575119113746157
16.20000024139881,-4.139370441436768,0.6126890182495117,9.807496070861816,0.00048021948896348476,0.001986271934583783,0.0682145357131958,359.6779802589249,-0.0009641408388176842,-0.00165747873994231
16.300000242888927,-5.3097333908081055,0.07000732421875,9.805241584777832,-0.002227146178483963,0.012412679381668568,0.03479798138141632,359.89914178424993,-0.0009622505469479847,-0.00165743844076422
16.400000244379044,-17.690244674682617,-0.40338706970214844,9.775138854980469,-8.747971151024103e-05,-0.001199405756779015,-6.119198587839492e-07,359.9314895601591,-0.0009619476862923193,-0.0016574325466667443
16.50000024586916,-3.44551157951355,-0.07212162017822266,9.798861503601074,0.0002411804161965847,-0.007520455867052078,2.2578797143069096e-06,359.9314895601591,-0.0009619528950111089,-0.0016574326837387786
16.600000247359276,-0.004502032417804003,0.0009950458770617843,9.810049057006836,0.0001538628712296486,-0.005028991959989071,1.654955440244521e-06,359.9314895601591,-0.0009619578296167219,-0.0016574326837387786
16.700000248849392,0.016696304082870483,-0.0026202350854873657,9.810897827148438,8.963746950030327e-05,-0.0028716635424643755,9.863563263934338e-07,359.92867552222106,-0.0009619609137416774,-0.0016574329578828474
16.800000250339508,0.015820670872926712,0.0024307500571012497,9.810688972473145,3.9825448766350746e-05,-0.000992779852822423,3.05450100768212e-07,359.9314895601591,-0.0009619622159107166,-0.0016574329578828474
16.900000251829624,0.003186840331181884,-4.5919790863990784e-05,9.810205459594727,3.633450251072645e-05,-0.001041517360135913,3.628890681284247e-07,359.9314895601591,-0.0009619631068886747,-0.0016574329578828474
17.00000025331974,0.0027393524069339037,-0.0025210764724761248,9.810108184814453,2.1016632672399282e-05,-0.0006357665406540036,-2.671023935363337e-07,359.9314895601591,-0.0009619637237108236,-0.0016574330949548817
17.100000254809856,0.0006930890958756208,0.0024913486558943987,9.810127258300781,1.3198616215959191e-05,-0.00035622756695374846,-1.5068160053033353e-07,359.9314895601591,-0.0009619641349303265,-0.0016574330949548817
17.200000256299973,0.0034155864268541336,2.193264663219452e-06,9.810078620910645,5.101268470752984e-06,-7.388223457382992e-05,-6.502418603560045e-09,359.9314895601591,-0.0009619642034692788,-0.0016574330949548817
17.30000025779009,-0.0014642303576692939,-1.5200348570942879e-06,9.81005859375,3.929169906768948e-06,-0.00012178323231637478,-5.031224148410729e-08,359.9314895601591,-0.0009619644090719248,-0.0016574330949548817
17.400000259280205,0.002385045401751995,8.265022188425064e-06,9.8100004196167,2.8836075216531754e-06,-7.802217442076653e-05,-3.270119819376305e-08,359.9314895601591,-0.0009619644090719248,-0.0016574330949548817
17.50000026077032,-6.2701350543648e-05,5.225110726314597e-06,9.809981346130371,-5.371111910790205e-08,-4.359761078376323e-05,-1.847969421930884e-08,359.9314895601591,-0.0009619644776108771,-0.0016574330949548817
17.600000262260437,-0.0012813499197363853,8.93021933734417e-06,9.810049057006836,4.544763214653358e-07,-2.4547915018047206e-05,-1.0288799145996563e-08,359.9314895601591,-0.0009619646146745708,-0.0016574330949548817
17.700000263750553,0.0012186482781544328,1.1970289051532745e-05,9.8100004196167,1.3408307495410554e-06,-1.4165523680276237e-05,-5.602015296091167e-09,359.9314895601591,-0.0009619646146745708,-0.0016574330949548817
17.80000026524067,-3.135073711746372e-05,1.0450243280502036e-05,9.8100004196167,1.0807716535055079e-06,-1.0165631465497427e-05,-4.0502343701120935e-09,359.9314895601591,-0.0009619646146745708,-0.0016574330949548817
17.900000266730785,1.1694428394548595e-06,1.0450243280502036e-05,9.8100004196167,5.896827133256011e-07,-5.372238319978351e-06,-2.194891601803306e-09,359.9314895601591,-0.0009619646146745708,-0.0016574330949548817
18.0000002682209,1.1694428394548595e-06,1.0450243280502036e-05,9.8100004196167,1.1534452823980246e-06,-2.8570582344400464e-06,-1.1931206023163554e-09,359.9314895601591,-0.0009619646146745708,-0.0016574330949548817
18.100000269711018,1.1694428394548595e-06,1.0450243280502036e-05,9.8100004196167,3.686643594846828e-07,-1.430235442967387e-06,-7.067957330519903e-10,359.9314895601591,-0.0009619646146745708,-0.0016574330949548817
18.200000271201134,1.1694428394548595e-06,1.0450243280502036e-05,9.8100004196167,-8.812228315946413e-07,-1.014695044432301e-06,-4.3180187203617493e-10,359.9314895601591,-0.0009619646146745708,-0.0016574330949548817
18.30000027269125,1.1694428394548595e-06,1.0450243280502036e-05,9.8100004196167,1.448505599910277e-07,-5.839524419570807e-07,-2.5938390324498073e-10,359.9314895601591,-0.0009619646146745708,-0.0016574330949548817
18.400000274181366,1.1694428394548595e-06,1.0450243280502036e-05,9.8100004196167,1.2594908582741482e-07,-2.792449151911569e-07,-8.362795872463025e-11,359.9314895601591,-0.0009619646146745708,-0.0016574330949548817
18.500000275671482,-0.003770897863432765,6.593763828277588e-07,9.809981346130371,-4.5700842747464776e-05,0.0003028152568731457,-0.0001585906429681927,359.9314895601591,-0.0009619648202914277,-0.0016574330949548817
18.600000277161598,1.245241641998291,0.03153336048126221,9.80927848815918,2.6306603103876114e-05,-0.002152149798348546,-0.00981348380446434,359.9344128811239,-0.0009618535178077536,-0.0016574304905862295
18.700000278651714,3.548247814178467,0.06577038764953613,9.807794570922852,0.00025871163234114647,-0.003414857666939497,0.00914772879332304,359.9720335630723,-0.000961423728440991,-0.0016574219921201016
18.80000028014183,5.126375198364258,0.1006011962890625,9.806044578552246,0.00014876644127070904,-0.0027081952430307865,0.01719820871949196,0.05233915597547922,-0.0009605341994642913,-0.00165740417275564
18.900000281631947,5.661177635192871,0.0905303955078125,9.804718971252441,0.0002173582324758172,-0.0021367098670452833,0.030065516009926796,0.1384764158313889,-0.0009591370242247876,-0.0016573768954208103
19.000000283122063,5.945347785949707,0.10552787780761719,9.8035888671875,0.00020380475325509906,-0.0009687881101854146,0.036145202815532684,0.2548778470282817,-0.000957206775836994,-0.0016573379669630635
19.10000028461218,5.885241508483887,0.09870576858520508,9.803031921386719,0.00021992635447531939,-0.0008379736682400107,0.035230644047260284,0.39762092995574677,-0.0009547489371755091,-0.0016572865649501936
19.200000286102295,6.1899309158325195,0.08012247085571289,9.802067756652832,0.0001825704239308834,-0.0005135355168022215,0.03011106140911579,0.5503637833540808,-0.0009517363679947266,-0.0016572226893822005
19.30000028759241,6.009274005889893,0.08294057846069336,9.802400588989258,0.00015482690650969744,7.36119836801663e-05,0.02831288054585457,0.7072058975127596,-0.0009481851742947356,-0.0016571448324667066
19.400000289082527,5.650472640991211,0.067626953125,9.802876472473145,0.0001358733861707151,0.0002886811853386462,0.026403192430734634,0.8566084415614136,-0.0009441277735362519,-0.001657053268347781
19.500000290572643,5.4624128341674805,0.06741094589233398,9.827743530273438,0.0001249386987183243,0.00033856293885037303,0.02368968352675438,0.9928810141477759,-0.0009395808200167721,-0.0016569471745932172
19.60000029206276,3.390803098678589,0.04363393783569336,9.790824890136719,-8.20821151137352e-05,0.0034909702371805906,0.019309701398015022,1.1117075226857802,-0.0009347303889910563,-0.0016568314857962512
19.700000293552876,2.210639238357544,0.05006575584411621,9.795007705688477,-1.125707058236003e-05,0.00057543336879462,0.017035722732543945,1.2130528023733715,-0.0009296820945223772,-0.0016567070243890885
19.80000029504299,3.869575262069702,1.803930401802063,9.80475902557373,0.00656284112483263,-0.00038300128653645515,0.22040385007858276,2.02061691051695,-0.0009242929018995483,-0.0016564093039305456
19.900000296533108,5.148872375488281,1.939676284790039,9.804715156555176,-0.0010605743154883385,-0.0005784587119705975,0.18169593811035156,3.1577753188757844,-0.0009184522625105274,-0.0016559128290222385
20.000000298023224,5.0295820236206055,3.1396992206573486,9.800163269042969,0.01059131883084774,0.0008257459849119186,0.47411689162254333,5.126443304669499,-0.0009121875907851518,-0.001655096976273966
20.10000029951334,5.182568550109863,3.8317933082580566,9.797551155090332,-0.0008542487630620599,0.0005274235736578703,0.4008535146713257,7.565430005860651,-0.0009055073851840234,-0.0016538803248973416
20.200000301003456,4.781692028045654,4.800537109375,9.773733139038086,0.03484635427594185,0.011862695217132568,0.7076748013496399,10.848832567253657,-0.0008984867612014114,-0.0016521626752352778
20.300000302493572,2.843538761138916,8.927885055541992,9.640115737915039,0.006432937458157539,0.01286768727004528,0.9783544540405273,15.901242170848917,-0.0008914387913421251,-0.0016496075154435188
20.40000030398369,-0.02147531509399414,8.549541473388672,9.8624906539917,-0.0017611365765333176,0.01080599706619978,0.9617367386817932,21.531486632000902,-0.0008846720933064489,-0.0016463425966580507
20.500000305473804,-2.472717046737671,8.921225547790527,9.786620140075684,0.0010397243313491344,0.011599041521549225,1.0774818658828735,27.54714500763837,-0.0008784695152144195,-0.0016424734643453003
20.60000030696392,-3.0088257789611816,8.939022064208984,9.698409080505371,-0.0017785095842555165,0.0064250105060637,1.025504469871521,33.64458977594486,-0.0008729326959837636,-0.0016380896265436782
20.700000308454037,-1.7329018115997314,8.164331436157227,9.749153137207031,-0.01171406265348196,-0.000675718009006232,0.9909302592277527,39.468722817065995,-0.0008679783643827932,-0.0016332420740499515
20.800000309944153,0.3559274673461914,9.676654815673828,9.554123878479004,-0.09837118536233902,0.04749280959367752,1.1262589693069458,45.657683582514196,-0.000863620638796192,-0.001627763167766147
20.90000031143427,2.2060108184814453,10.276103019714355,9.365896224975586,-0.09277611970901489,0.03742649778723717,1.1465970277786255,52.22802845083757,-0.000859872815240692,-0.0016215527080351768
21.000000312924385,0.9225321412086487,8.944204330444336,9.388463020324707,0.11785702407360077,0.06743615120649338,1.409956693649292,59.6415396816315,-0.0008567688190339595,-0.0016148539977179585
21.1000003144145,-1.237584114074707,12.147882461547852,10.211398124694824,-0.020819202065467834,0.018542390316724777,1.3731250762939453,67.70263822310727,-0.0008547030063823513,-0.0016078309749675392
21.200000315904617,-1.210193395614624,9.608308792114258,10.264511108398438,-0.11369042098522186,-0.0477612130343914,1.0887020826339722,74.6332106833517,-0.0008534923176597431,-0.001600670468966697
21.300000317394733,-0.7988676428794861,4.4366254806518555,9.023720741271973,0.018348533660173416,-0.11340069770812988,0.7403859496116638,79.73800527656002,-0.0008526848262846443,-0.001593505302516688
21.40000031888485,0.2014630138874054,3.2023110389709473,10.00854206085205,0.008033689111471176,-0.01828131452202797,0.4996376931667328,83.1722107308641,-0.0008521575787199254,-0.0015862890081978773
21.500000320374966,0.28310373425483704,2.584261417388916,10.609206199645996,-0.007706147152930498,0.00627386337146163,0.3334689438343048,85.50543067209712,-0.0008518571853528556,-0.001579030358620462
21.600000321865082,0.010094692930579185,1.413426399230957,9.963582038879395,-0.005805244203656912,0.004866230301558971,0.22424709796905518,87.10415939074367,-0.0008516818016772731,-0.0015717648554413306
21.700000323355198,0.13288359344005585,0.9836571216583252,9.781536102294922,-0.00424679322168231,0.003189027775079012,0.14899957180023193,88.21008313058462,-0.0008515931160815171,-0.0015644849596985956
21.800000324845314,0.14093761146068573,0.6888824701309204,9.770716667175293,-0.0031089005060493946,0.0023704541381448507,0.09646535664796829,88.97460669495166,-0.000851565153382694,-0.0015571916308964975
21.90000032633543,0.01937098428606987,0.48167672753334045,9.78457260131836,-0.0022562635131180286,0.001985021634027362,0.06018916517496109,89.5028398649821,-0.0008515798201074176,-0.00154989610894185
22.000000327825546,-0.09783609956502914,0.3404638171195984,9.796100616455078,-0.00161820522043854,0.0017124635633081198,0.03562958911061287,89.86981226870856,-0.00085162464264954,-0.0015426094966694334
22.100000329315662,-0.12558437883853912,0.2507762014865875,9.802790641784668,-0.0011516106314957142,0.0014517074450850487,0.01935037225484848,90.12864228730619,-0.0008516915338105946,-0.001535334124303831
22.20000033080578,-0.047955263406038284,-0.14420029520988464,9.806445121765137,-0.0015522383619099855,0.0012319661909714341,-0.023174799978733063,90.1865827820354,-0.0008517455401744201,-0.0015280630011712925
22.300000332295895,-0.04163629934191704,-0.09471021592617035,9.80829906463623,-0.00037171586882323027,0.001465287059545517,-0.021047992631793022,90.18150112129291,-0.000851790773964467,-0.0015207955789836806
22.40000033378601,-0.43797293305397034,0.04328766092658043,9.8092679977417,-0.00024171493714675307,0.0020949505269527435,-0.019669482484459877,90.1888845557857,-0.0008518398457368903,-0.0015135674964699187
22.500000335276127,-1.2052884101867676,0.027667993679642677,9.809565544128418,-0.00020729677635245025,0.0024612199049443007,-0.020997067913413048,90.19684172616877,-0.0008518909050678758,-0.0015064477008632695
22.600000336766243,-1.7400760650634766,0.010706009343266487,9.809334754943848,-0.00015252585581038147,0.0021906837355345488,-0.02258247882127762,90.19998361318697,-0.000851942375632575,-0.001499483756159642
22.70000033825636,-1.7055387496948242,-0.0008489129249937832,9.80923080444336,-0.00011631580855464563,0.0015331156319007277,-0.023969311267137527,90.19699882051968,-0.0008519932293467036,-0.0014926729209183503
22.800000339746475,-1.1993560791015625,-0.16101959347724915,9.809294700622559,-0.00040582974907010794,0.000916526943910867,-0.039628807455301285,90.1267025135819,-0.0008520294848892718,-0.001485969413079931
22.90000034123659,-0.6384626626968384,-0.09788806736469269,9.80970287322998,8.47013434395194e-05,0.0008133883238770068,-0.033011991530656815,90.05657696137338,-0.0008520568307801568,-0.0014793230642798228
23.000000342726707,-0.4529349207878113,-0.009488305076956749,9.81001091003418,3.880986332660541e-05,0.0012684693792834878,-0.02908969856798649,90.01510405273307,-0.0008520834227567775,-0.0014727172888018736
23.100000344216824,-0.7492647171020508,-0.006568379234522581,9.81003189086914,-1.0670035408111289e-05,0.0018369690515100956,-0.027960877865552902,89.98763986208044,-0.0008521093978828276,-0.0014661788156927755
23.20000034570694,-1.1921989917755127,-0.010785392485558987,9.809859275817871,-2.5764880774659105e-05,0.0020672744140028954,-0.027438350021839142,89.96725174740796,-0.0008521344820735521,-0.0014597469846263785
23.300000347197056,-1.406329870223999,-0.008158538490533829,9.80962085723877,-3.690995436045341e-05,0.001865782542154193,-0.027271350845694542,89.95062023677897,-0.0008521589494279169,-0.00145344139690359
23.400000348687172,-1.2476009130477905,-0.006437566597014666,9.809542655944824,-4.363220068626106e-05,0.0014715705765411258,-0.026970895007252693,89.9361265753602,-0.0008521830055912005,-0.0014472476599608067
23.500000350177288,-0.8858766555786133,-0.08009470999240875,9.809636116027832,-0.00018177910533268005,0.0012245310936123133,-0.03360848128795624,89.89388868553284,-0.0008522000024981935,-0.0014411332877258946
23.600000351667404,-0.6105048656463623,-0.05053025111556053,9.809882164001465,2.0700641471194103e-05,0.0013510554563254118,-0.030491361394524574,89.8540618524825,-0.0008522126816785658,-0.0014350736072326763
